연번,소재지(시도),시군구,문화재명,방재시설(소방방범),방재시설업체명,담당자,업체연락처,관할소방서기관명,거리(KM),소방차도착시간(min),소방기관연락처
1,서울,서울,서울 운현궁,소방,세종종합기술,황인봉,,종로소방서 현장대응단 ,0.2,1,02-734-0119
2,서울,역박,경희궁지,소방,㈜국제방재서비스,정철우,02-724-0274,종로소방서 현장대응단 ,3.3,5,02-734-0119
3,서울,성북,만해 한용운 심우장,방범,광명통신안전,,02-2241-2652,돈암119안전센터,2.5,9,02-6981-7361
4,서울,용산,서울 효창공원,방범,에스원,,,용산소방서,2.4,7,02-794-4119
5,서울,은평,서울 금성당,소방,드림방재,김광춘,02-351-6523,은평소방서,1.9,5,02-355-0119
6,서울,종로,서울 흥인지문,소방,하나방재,정희철,,숭인119안전센터,1.6,3,02-734-8119
7,서울,종로,서울 문묘 및 성균관<대성전·동무·서무·삼문·명륜당>,소방,하나방재,정희철,,연건119안전센터,1.6,4,02-747-8119
8,서울,종로,서울 동관왕묘,소방,하나방재,정희철,,숭인119안전센터,1.19,3,02-734-8119
9,서울,종로,서울 창의문,소방,하나방재,정희철,,신교119안전센터,1.5,3,02-736-0119
10,서울,종로,서울 한양도성(혜화문),소방,하나방재,정희철,,연건119안전센터,1.9,4,02-747-8119
11,서울,종로,서울 탑골공원,소방,하나방재,정희철,02-2148-1827,종로119안전센터,0.65,3,02-747-7119
12,서울,종로,안국동 윤보선가,소방,하나방재,정희철,,종로소방서 현장대응단 ,1.5,3,02-734-0119
13,서울,종로,서울 이화장,소방,하나방재,정희철,02-762-3171,연건119안전센터,0.8,3,02-747-8119
14,서울,종로,인왕산 국사당,소방,하나방재,정희철,02-737-4429,신교119안전센터,3,3,02-736-0119
15,부산,금정,부산 범어사 대웅전,소방,현대방재,황수종,051-508-3122,금정소방서,7.4,19,051-760-4754
16,부산,금정,부산 범어사 조계문,소방,현대방재,황수종,051-508-3122,금정소방서,7.4,19,051-760-4754
17,부산,기장,기장 장안사 대웅전,소방,금샘방재,류희석,051-727-2392,기장소방서,15,20,051-760-5100
18,부산,사상,부산 운수사 대웅전,소방,㈜대한소방공사,,051-313-3300,북부소방서,10,15,051-760-4452
19,대구,군위,군위 인각사지,소방,㈜엠소방엔지니어링,김원민,054-383-1161,의성소방서 의흥119안전센터,10.7,14,054-830-7841
20,대구,달성,달성 도동서원 중정당·사당·담장,소방,㈜한양아이앤디,박범용,053-626-9091,달성소방서(구지119안전센터),10,15,053-602-4972
21,대구,달성,달성 태고정,소방,㈜한양아이앤디,박범용,053-583-0224,강서소방서(매곡119안전센터),10,12,053-601-5660
22,대구,달성,달성 하목정,소방,㈜한양아이앤디,박범용,053-556-6000,강서소방서(매곡119안전센터),8,10,053-601-5660
23,대구,달성,달성 도동서원,소방,㈜한양아이앤디,박범용,053-626-9091,달성소방서(구지119안전센터),10,15,053-602-4972
24,대구,달성,달성 삼가헌 고택,소방,㈜한양아이앤디,박범용,,강서소방서(매곡119안전센터),15,20,053-601-5660
25,대구,달성,달성 조길방 고택,소방,㈜한양아이앤디,박범용,,수성소방서(상동119안전센터),16,30,053-607-3900
26,대구,동구,대구 북지장사 지장전,소방,㈜한양아이엔디,박범용,053-985-5214,동부소방서(공산119안전센터),2.4,14,053-605-5360
27,대구,동구,대구 동화사 대웅전,소방,㈜한양아이엔디,박범용,053-980-7900,동부소방서(공산119안전센터),4.4,10,053-605-5360
28,대구,동구,대구 파계사 원통전,소방,㈜한양아이엔디,박범용,053-984-4550,동부소방서(공산119안전센터),11.9,20,053-605-5360
29,대구,동구,대구 동화사 극락전,소방,㈜한양아이엔디,박범용,053-980-7900,동부소방서(공산119안전센터),4.4,10,053-605-5360
30,대구,동구,대구 동화사 수마제전,소방,㈜한양아이엔디,박범용,053-980-7900,동부소방서(공산119안전센터),4.4,10,053-605-5360
31,대구,동구,대구 동화사 봉황문,소방,㈜한양아이엔디,박범용,053-980-7900,동부소방서(공산119안전센터),4.4,10,053-605-5360
32,대구,동구,대구 백불암 고택,소방,㈜한양아이엔디,박범용,053-983-1040,동부소방서(동촌119안전센터),6.3,17,053-605-5330
33,대구,중구,대구 경상감영 선화당,,,,053-803-3753,서문로119 안전센터,0.2,2,053-601-4572
34,대구,중구,대구 경상감영지,,,,053-803-3753,서문로119 안전센터,0.2,2,053-601-4572
35,인천,강화,강화 정수사 법당,방범,펫츠뷰,오남웅,032-937-3611,길상119안전센터 화도지역대,8.3,18,032-930-5829
36,인천,강화,강화 전등사 대웅전,방범,펫츠뷰,오남웅,032-937-0125,길상119,2.3,6,032-930-5822
37,인천,강화,강화 전등사 약사전,방범,펫츠뷰,오남웅,032-937-0125,길상119,2.3,6,032-930-5822
38,인천,강화,강화산성,방범,펫츠뷰,오남웅,032-930-3898,강화119안전센터,2,5,032-930-5821
39,인천,강화,강화 고려궁지,방범,펫츠뷰,오남웅,032-930-3898,강화119안전센터,2,5,032-930-5821
40,인천,강화,강화 갑곶돈,방범,펫츠뷰,오남웅,032-930-3898,강화119안전센터,2,5,032-930-5821
41,인천,강화,대한성공회 강화성당,방범,펫츠뷰,오남웅,,강화119안전센터,2,5,032-930-5821
42,대전,대덕,대전 회덕 동춘당,소방,대신방재,백승욱,042-631-5600,대덕소방서(송촌119안전센터),0.5,2,042-270-1891
43,대전,대덕,대전 동춘당 종택,소방,대신방재,백승욱,042-631-5600,대덕소방서(송촌119안전센터),0.5,2,042-270-1891
44,대전,대덕,대전 소대헌·호연재 고택,소방,대신방재,백승욱,02-752-7525,대덕소방서(송촌119안전센터),0.5,2,042-270-1891
45,울산,울주,울주 천전리 각석,방범,㈜에스원,박경락,,두서119안전센터,8,15,052-241-2555
46,울산,울주,울주 대곡리 반구대 암각화,방범,㈜에스원,박경락,,두서119안전센터,5,10,052-241-2555
47,세종,세종,세종 비암사 극락보전,,,,044-863-0230,전의119안전센터,13.1,21,044-300-8532
48,세종,세종,세종 홍판서댁,소방,한빛소방주식회사,송영국,,부강119안전센터,2,4,044-300-8542
49,경기,남한산성,남한산성 수어장대,소방,(주)거산이앤지,이영훈,,남한산성 119지역대,2.3,10,031-799-2553
50,경기,남한산성,남한산성 연무관,소방,(주)거산이앤지,이영훈,,남한산성 119지역대,0.2,1,031-799-2553
51,경기,남한산성,남한산성 숭렬전,소방,(주)거산이앤지,이영훈,,남한산성 119지역대,1.1,5,031-799-2553
52,경기,남한산성,남한산성,소방,(주)거산이앤지,이영훈,,남한산성 119지역대,1.5,4,031-799-2553
53,경기,남한산성,남한산성 행궁,소방,(주)거산이앤지,이영훈,,남한산성 119지역대,0.7,3,031-799-2553
54,경기,고양,고양 행주산성,소방,한국소봉이엔지㈜,양창선,031-8075-4640,행신119,2.3,4,031-931-0532
55,경기,고양,"북한산성(대서문, 중성문)",소방,한국소봉이엔지㈜,양창선,031-8075-3387,삼송119,4.8,8,031-931-0522
56,경기,김포,김포 문수산성,소방,(주)원진이앤씨,민경희,031-980-2474,통진119,9.4,10,031-980-4521
57,경기,남양주,남양주 동관댁,소방,㈜새한이엔씨,박상만,,진접119,6.2,11,031-590-0521
58,경기,남양주,남양주 궁집,소방,㈜새한이엔씨,박상만,031-590-2064,남양주소방서,0.4,1,031-590-0119
59,경기,성남,성남 봉국사 대광명전,소방,㈜동양이엔지,엄영의,031-755-0329,성남소방서,3.5,10,031-720-0435
60,경기,수원,수원 팔달문,소방,㈜수양엔지니어링,나영숙,031-228-2002,매산119,1.1,4,031-639-8535
61,경기,수원,수원 화서문,소방,㈜수양엔지니어링,나영숙,031-228-2002,지만119,2.1,4,031-8012-9522
62,경기,수원,수원 방화수류정,소방,㈜수양엔지니어링,나영숙,031-228-2002,매산119,2.4,4,031-639-8535
63,경기,수원,수원 서북공심돈,소방,㈜수양엔지니어링,나영숙,031-228-2002,지만119,2.1,4,031-8012-9522
64,경기,수원,수원 화령전 운한각·복도각·이안청,소방,㈜수양엔지니어링,나영숙,031-228-2002,매산119,2.1,4,031-639-8535
65,경기,수원,수원 화성,소방,㈜수양엔지니어링,나영숙,031-228-2002,지만119,2,4,031-8012-9522
66,경기,수원,수원 화령전,소방,㈜수양엔지니어링,나영숙,031-228-2002,매산119,2.1,4,031-639-8535
67,경기,수원,수원 화성행궁,소방,㈜수양엔지니어링,나영숙,031-228-2002,지만119,2.1,4,031-8012-9522
68,경기,수원,수원향교 대성전,소방,㈜수양엔지니어링,나영숙,031-245-8005,매산119,0.5,4,031-8012-9522
69,경기,수원,수원 광주이씨 고택,소방,㈜수양엔지니어링,나영숙,,수원소방서,2.2,9,031-8012-9119
70,경기,안성,안성 석남사 영산전,소방,국민소방안전㈜,임화석,031-676-1444,미양119센터,13.4,23,031-677-7119
71,경기,안성,안성 청룡사 대웅전,소방,국민소방안전㈜,임화석,031-672-9103,미양119센터,13.3,20,031-677-7119
72,경기,안성,안성 칠장사 대웅전,소방,국민소방안전㈜,임화석,031-673-0776,죽산119센터,9.7,17,031-678-4520
73,경기,안성,안성향교 대성전,소방,국민소방안전㈜,임화석,031-675-0027,안성소방서,3,5,031-676-0119
74,경기,안성,안성향교 풍화루,소방,국민소방안전㈜,임화석,031-675-0027,안성소방서,3,5,031-676-0119
75,경기,안성,안성 객사 정청,소방,국민소방안전㈜,임화석,031-678-2501,안성소방서,7,9,031-676-0119
76,경기,양주,양주 매곡리 고택,소방,송민방재㈜,송민석,031-8082-5671,남면소방서,10,10,031-849-8120
77,경기,여주,여주 신륵사 조사당,소방,㈜유비방재,심영현,031-885-2505,여주소방서,3.8,8,031-887-8505
78,경기,여주,여주 보통리 고택,소방,㈜유비방재,심영현,031-887-3561,여주소방서(대신119),1.1,2,031-887-8505
79,경기,연천,연천 숭의전지,소방,㈜대흥소방,정현호,031-839-2143,연천소방서(왕징119),6.3,7,031-830-0508
80,경기,오산,오산 독산성과 세마대지,소방,㈜SSE&C,하추,,오산소방서,3.2,14,031-8059-7114
81,경기,용인,용인 심곡서원,소방,㈜도솔방재,이병호,031-261-6750,수지119센터,4.3,9,031-8021-0521
82,경기,이천,이천 어재연 고택,소방,유비방재㈜,김동기,,이천소방서율면119지역대,7.4,10,031-645-5527
83,경기,파주,파주 윤관장군묘,소방,㈜금호방재산업,문승환,02-424-1373,파주소방서(파주119지역대),1.2,3,031-952-0119
84,경기,파주,파주 이이 유적,소방,㈜금호방재산업,문승환,031-940-5806,파주소방서(파주119지역대),3.4,6,031-952-0119
85,경기,화성,화성 용주사 대웅보전,소방,주연소방,최희영,031-234-0040,태안119센터,4.3,8,031-8012-6542
86,경기,화성,화성 정시영 고택,소방,주연소방,최희영,,서신119지역대,5.2,9,031-8012-6592
87,경기,화성,화성 정수영 고택,소방,주연소방,최희영,031-5189-3872,서신119지역대,5.2,9,031-8012-6592
88,강원,강릉,강릉 임영관 삼문,소방,강원방재,김태형,033-640-5118,강릉소방서(내곡119안전센터),1.3,3,033-645-0119
89,강원,강릉,강릉 오죽헌,소방,강원방재,김태형,033-640-5118,강릉소방서(경포119안전센터),4.4,5,033-645-0119
90,강원,강릉,강릉 해운정,소방,강원방재,김태형,033-648-2556,강릉소방서(경포119안전센터),2.6,3,033-645-0119
91,강원,강릉,강릉향교 대성전,소방,강원방재,김태형,033-648-3667,강릉소방서,1.4,3,033-645-0119
92,강원,강릉,강릉 경포대,소방,강원방재,김태형,033-640-5118,강릉소방서(경포119안전센터),1.4,2,033-645-0119
93,강원,강릉,강릉향교 명륜당,소방,강원방재,김태형,033-648-3667,강릉소방서,1.4,3,033-645-0119
94,강원,강릉,강릉향교 동무서무전랑,소방,강원방재,김태형,033-648-3667,강릉소방서,1.4,3,033-645-0119
95,강원,강릉,강릉 칠사당,소방,강원방재,김태형,033-640-5118,강릉소방서(경포119안전센터),1.4,2,033-645-0119
96,강원,강릉,강릉대도호부 관아,소방,강원방재,김태형,033-640-5118,강릉소방서(경포119안전센터),1.4,2,033-645-0119
97,강원,강릉,강릉 선교장,소방,강원방재,김태형,033-648-5311,강릉소방서(경포119안전센터),1.4,2,033-645-0119
98,강원,고성,고성 건봉사지,,,,033-682-8100,고성소방서,11,16,033-681-1119
99,강원,고성,고성 어명기 고택,소방,보성소방,이진열,,고성소방서,11,16,033-681-1119
100,강원,고성,고성 왕곡마을,소방,보성소방,이진열,033-631-2120,고성소방서,10,11,033-681-1119
101,강원,삼척,삼척 죽서루,소방,중앙이에스엠,오진열,033-570-3251,삼척소방서(봉황119안전센터),1.8,6,033-572-9119
102,강원,삼척,삼척 신리 너와집과 민속유물,소방,중앙이에스엠,오진열,033-570-3251,삼척소방서(가곡119안전센터),33.9,1.11,033-572-9119
103,강원,삼척,삼척 대이리 너와집,소방,중앙이에스엠,오진열,,삼척소방서(신기119안전센터),8.8,15,033-572-9119
104,강원,삼척,삼척 대이리 굴피집,소방,중앙이에스엠,오진열,,삼척소방서(신기119안전센터),8.8,15,033-572-9119
105,강원,속초,속초 신흥사 극락보전,소방,보성소방,김정희,033-636-7044,속초소방서(설악119안전센터),3.1,5,033-630-2510
106,강원,양양,양양 낙산사 일원,소방,보성소방,김정희,033-672-2447,양양소방서(강현119안전센터),6,10,033-671-2119
107,강원,영월,영월 창절사,,,,033-373-3113,영월소방서(영월119안전센터),1.7,5,033-374-2119
108,강원,영월,영월 장릉,소방,우리방재,성명진,,영월소방서(영월119안전센터),1.2,2,033-374-2119
109,강원,영월,영월부 관아,소방,우리방재,성명진,033-374-3169,영월소방서(영월119안전센터),1.7,4,033-374-2119
110,강원,원주,원주 강원감영 선화당,소방,원주방재,남재웅,033-737-2794,원주소방서(학성119안전센터),0.9,3,033-732-4119
111,강원,원주,원주 강원감영,소방,원주방재,남재웅,033-737-2794,원주소방서(학성119안전센터),0.9,3,033-732-4119
112,강원,춘천,춘천 청평사 회전문,소방,도강방재,김오규,033-244-1095,춘천소방서(신북119안전센터),21,30,033-248-9560
113,강원,평창,평창 오대산 중대 적멸보궁,,,,033-339-6617,평창소방서(진부119안전센터),20.6,62,033-339-8521
114,강원,평창,평창 오대산사고,,,,033-339-6617,평창소방서(진부119안전센터),16.3,30,033-339-8521
115,충북,괴산,괴산 송시열 유적,소방,신영방재,김진기,043-830-3430,청천면119안전센터,8.9,10,043-760-0235
116,충북,괴산,괴산 김항묵 고택,소방,신영방재,김진기,,괴산119안전센터,7.4,9,043-760-0214
117,충북,괴산,괴산 송병일 고택,소방,신영방재,김진기,043-832-4062,청천면119안전센터,0.92,3,043-760-0235
118,충북,단양,단양 조덕수 고택,소방,서원소방,유석진,,단양119안전센터,5.2,7,043-767-4215
119,충북,보은,보은 법주사 팔상전,소방,지엠방재산업㈜,최상훈,043-543-3615,속리산119안전센터,0.2,2,043-773-0235
120,충북,보은,보은 법주사 대웅보전,소방,지엠방재산업㈜,최상훈,043-543-3615,속리산119안전센터,0.2,2,043-773-0235
121,충북,보은,보은 법주사 원통보전,소방,지엠방재산업㈜,최상훈,043-543-3615,속리산119안전센터,0.2,2,043-773-0235
122,충북,보은,보은 법주사,소방,지엠방재산업㈜,최상훈,043-543-3615,속리산119안전센터,0.2,2,043-773-0235
123,충북,보은,보은 우당고택,소방,지엠방재산업㈜,최상훈,,속리산119안전센터,9.5,14,043-773-0235
124,충북,보은,보은 최감찰댁,소방,지엠방재산업㈜,최상훈,,보은소방서 119안전센터,5.8,8,043-773-0218
125,충북,영동,영동 세천재,소방,토광방재안전관리,이민재,,황간119안전센터,10,14,043-740-7146
126,충북,영동,영동 소석고택,소방,토광방재안전관리,이민재,02-735-9010,영동119안전센터,11,17,043-740-7110
127,충북,영동,영동 규당고택,소방,토광방재안전관리,이민재,02-735-9010,영동119안전센터,3.3,8,043-740-7110
128,충북,영동,영동 김참판댁,소방,토광방재안전관리,이민재,,영동119안전센터,11,14,043-740-7110
129,충북,영동,영동 성장환 고택,소방,토광방재안전관리,이민재,,영동119안전센터,5.3,7,043-740-7110
130,충북,옥천,옥천 이지당,소방,한빛소방㈜,이종근,,옥천119안전센터,6,8,043-730-1904
131,충북,음성,음성 잿말 고택,소방,신영방재,김진기,,감곡119안전센터,3.7,11,043-881-3119
132,충북,음성,음성 공산정 고택,소방,신영방재,김진기,,감곡119안전센터,4,14,043-881-3119
133,충북,제천,제천 청풍 한벽루,소방,(주)중앙방재,장기승,043-641-5531,청풍119안전센터,0.6,3,043-648-0119
134,충북,제천,제천 박용원 고택,소방,(주)중앙방재,장기승,043-652-2046,청풍119안전센터,11.5,17,043-648-0119
135,충북,제천,제천 정원태 고택,소방,(주)중앙방재,장기승,,청풍119안전센터,14.4,21,043-648-0119
136,충북,진천,진천 김유신 탄생지와 태실,소방,가람방재,김완중,043-539-3623,진천소방서,8,10,043-539-8183
137,충북,청주,청주 안심사 대웅전,소방,신영방재,남호신,043-260-6165,남이119안전센터,8.82,26,043-249-9867
138,충북,청주,청주 흥덕사지,소방,태일방재,안효빈,043-201-4272,사직119안전센터,1.2,5,043-249-9852
139,충북,청주,청주 고은리 고택,소방,신영방재,남호신,,동부소방서,7.9,18,043-251-0119
140,충북,충주,충주 임충민공 충렬사,소방,중앙방재㈜,서귀덕,043-850-5983,충주소방서 호암119안전센터,4.2,9,043-841-3341
141,충북,충주,충주 윤양계 고택,소방,중앙방재㈜,서귀덕,,충주소방서,12,18,043-841-3225
142,충남,공주,공주 마곡사 영산전,소방,㈜고려소방산업,배병찬,041-841-6221,유구119안전센터,14.9,25,041-851-0362
143,충남,공주,공주 마곡사 대웅보전,소방,㈜고려소방산업,배병찬,041-841-6221,유구119안전센터,14.9,25,041-851-0362
144,충남,공주,공주 마곡사 대광보전,소방,㈜고려소방산업,배병찬,041-841-6221,유구119안전센터,14.9,25,041-851-0362
145,충남,공주,공주 계룡산 중악단,소방,㈜고려소방산업,배병찬,041-852-4230,계룡119안전센터,7.5,16,041-851-0422
146,충남,공주,공주 갑사 대웅전,소방,㈜고려소방산업,배병찬,041-857-8981,계룡119안전센터,5.46,13,041-851-0422
147,충남,논산,논산 쌍계사 대웅전,소방,경원소방,전남기,041-741-2255,연산119안전센터,6,10,041-730-0422
148,충남,논산,논산 돈암서원 응도당,소방,경원소방,전남기,041-736-0096,연산119안전센터,1.1,6,041-730-0422
149,충남,논산,논산 노강서원 강당,소방,경원소방,전남기,041-732-4349,반월119안전센터,7.4,11,041-730-0402
150,충남,논산,논산 돈암서원,소방,경원소방,전남기,041-736-0096,연산119안전센터,1.1,6,041-730-0422
151,충남,논산,논산 노강서원,소방,경원소방,전남기,041-732-4349,반월119안전센터,7.4,11,041-730-0402
152,충남,논산,논산 명재고택,소방,경원소방,전남기,,반월119안전센터,12,14,041-730-0402
153,충남,논산,논산 백일헌 종택,소방,경원소방,전남기,,반월119안전센터,12,13,041-730-0402
154,충남,당진,당진 솔뫼마을 김대건신부 유적,,공단소방,김대용,044-270-3000,합덕119안전센터,2.4,3,041-350-5382
155,충남,보령,보령 충청수영성,소방,㈜해냄소방,장혁,041-930-6584,오천119안전센터,0.1,3,041-930-0402
156,충남,부여,부여 무량사 극락전,소방,네오방재,김영규,041-836-5066,외산119안전센터,1.83,5,041-830-0422
157,충남,부여,부여 홍산현 관아,소방,네오방재,김영규,041-830-2638,홍산119안전센터,0.5,5,041-830-0382
158,충남,부여,부여 여흥민씨 고택,소방,네오방재,김영규,041-830-2638,사비119안전센터,3.4,5,041-830-0362
159,충남,부여,부여 군수리 고택,소방,네오방재,김영규,041-832-7780,사비119안전센터,5.6,8,041-830-0362
160,충남,서산,서산 개심사 대웅전,소방,중앙소방기술사사무소,만윤호,041-688-2256,해미119안전센터,8.8,12,041-688-2119
161,충남,서산,서산 해미읍성,소방,중앙소방기술사사무소,만윤호,041-661-8003,해미119안전센터,0.7,2,041-688-2119
162,충남,서산,서산 경주김씨 고택,소방,중앙소방기술사사무소,만윤호,,해미119안전센터,4.7,6,041-688-2119
163,충남,서천,서천 이하복 고택,소방,보광소방방재,박헌용,,한산소방서,5.7,7,041-955-0422
164,충남,아산,아산 맹씨 행단,소방,동국방재,임승묵,,배방119안전센터,5.5,10,041-538-0422
165,충남,아산,아산 용궁댁,소방,동국방재,임승묵,,신창119안전센터,8.2,10,041-544-1193
166,충남,아산,아산 외암마을 참판댁,소방,㈜거명소방전기,박영호,,모종119안전센터,8.6,10,041-538-0263
167,충남,아산,아산 윤보선 대통령 생가,소방,동국방재,임승묵,02-735-0826,둔포119안전센터,6.1,9,041-538-0362
168,충남,아산,아산 외암마을 건재고택,소방,㈜거명소방전기,박영호,041-536-8772,모종119안전센터,8.6,10,041-538-0263
169,충남,아산,아산 외암마을,소방,㈜거명소방전기,박영호,,모종119안전센터,8.6,10,041-538-0263
170,충남,예산,예산 수덕사 대웅전,소방,삼원소방,조강산,041-330-7709,덕산119안전센터,8.9,10,041-330-4402
171,충남,예산,예산 윤봉길 의사 유적,소방,삼원소방,김서길,041-339-8232,덕산119안전센터,4,6,041-330-4402
172,충남,예산,예산 오추리 고택,소방,삼원소방,조강산,02-588-3892,덕산119안전센터,10,13,041-330-4402
173,충남,예산,예산 수당고택,소방,삼원소방,조강산,041-331-4411,금오119안전센터,14,17,041-330-4365
174,충남,천안,천안 유관순 열사 유적,소방,천둥방재소방,이재영,041-521-2825,병천119안전센터,6,5,041-570-0383
175,충남,청양,청양 장곡사 상 대웅전,소방,한솔방재,임현수,041-942-6769,청양소방서,10,15,041-940-7302
176,충남,청양,청양 장곡사 하 대웅전,소방,한솔방재,임현수,041-942-6769,청양소방서,10,15,041-940-7302
177,충남,홍성,홍성 고산사 대웅전,소방,한국소방방재,박완준,041-642-8254,광천119안전센터,12.5,20,041-642-0119
178,충남,홍성,홍성 홍주의사총,소방,한국소방방재,박완준,041-630-1696,옥암119안전센터,2.8,5,041-630-0360
179,충남,홍성,홍성 사운고택,소방,한국소방방재,박완준,041-642-6065,광천119안전센터,15,20,041-630-0388
180,충남,홍성,홍성 노은리 고택,소방,한국소방방재,박완준,041-630-1696,내포119안전센터,8.4,13,041-630-0420
181,전북,고창,고창 선운사 대웅전,소방,㈜일진소방,이용정,063-561-1422,고창소방서,15,15,063-560-1250
182,전북,고창,고창 선운사 참당암 대웅전,소방,㈜일진소방,이용정,063-563-3440,고창소방서,25,25,063-560-1250
183,전북,고창,고창 선운사 만세루,소방,㈜일진소방,이용정,063-561-1422,고창소방서,15,15,063-560-1250
184,전북,고창,고창읍성,소방,㈜일진소방,이용정,063-560-2944,고창소방서,1.5,5,063-560-1250
185,전북,고창,고창 무장현 관아와 읍성,소방,㈜일진소방,이용정,063-560-2944,무장소방서,0.5,5,063-560-1250
186,전북,고창,고창 신재효 고택,소방,㈜일진소방,이용정,063-560-2944,고창소방서,1.6,3,063-560-1250
187,전북,김제,김제 금산사 미륵전,소방,나라소방,정근형,063-548-4441,김제소방서(금산119안전센터),8,10,063-540-4284
188,전북,김제,김제 귀신사 대적광전,소방,나라소방,정근형,063-548-0917,김제소방서(금산119안전센터),8,10,063-540-4284
189,전북,김제,김제 금산사 대장전,소방,나라소방,정근형,063-548-4441,김제소방서(금산119안전센터),8,10,063-540-4284
190,전북,김제,김제 내아,소방,나라소방,정근형,063-540-3884,김제소방서,2,5,063-540-4272
191,전북,김제,김제군 관아와 향교,소방,나라소방,정근형,063-540-3884,김제소방서,2,5,063-540-4272
192,전북,김제,김제 금산사 일원,소방,나라소방,정근형,063-548-4441,김제소방서(금산119안전센터),8,10,063-540-4284
193,전북,남원,남원 광한루,소방,가나소방E&C(유),이찬영,063-620-8900,남원용성119지역대,1.7,4,063-630-8252
194,전북,남원,남원 실상사,소방,(유)KS소방,우한식,063-636-3031,인월119안전센터,8.5,10,063-636-5119
195,전북,남원,남원 몽심재 고택,소방,(유)KS소방,우한식,063-850-3262,수지119지역대,0.5,2,063-635-2119
196,전북,무주,무주 한풍루,소방,우리소방,김영희,063-320-2542,장수소방서(무주119안전센터),0.7,5,063-322-2121
197,전북,부안,부안 내소사 대웅보전,소방,천일이엔지,노인래,063-583-7282,부안119안전센터,27,30,053-580-1204
198,전북,부안,부안 개암사 대웅전,소방,천일이엔지,노인래,063-583-3871,부안119안전센터,12.5,20,053-580-1204
199,전북,부안,부안 김상만 고택,소방,천일이엔지,노인래,02-2020-0194,부안119안전센터,18,22,053-580-1204
200,전북,완주,완주 화암사 극락전,소방,(유)대한방재기술,김인호,063-261-7576,완주소방서(고산119안전센터),15,20,063-290-0274
201,전북,완주,완주 위봉사 보광명전,소방,(유)대한방재기술,김인호,063-243-7657,완주소방서(소양지역대),9.5,15,063-290-0291
202,전북,완주,완주 화암사 우화루,소방,(유)대한방재기술,김인호,063-261-7576,완주소방서(고산119안전센터),15,20,063-290-0274
203,전북,완주,완주 송광사 대웅전,소방,(유)대한방재기술,김인호,063-243-8091,완주소방서(소양지역대),4,10,063-290-0291
204,전북,완주,완주 송광사 종루,소방,(유)대한방재기술,김인호,063-243-8091,완주소방서(소양지역대),4,10,063-290-0291
205,전북,익산,익산 숭림사 보광전,소방,(주)지오방재,장영철,063-862-6394,익산소방서 함라지역대,4.1,5,063-856-3119
206,전북,익산,익산 김병순 고택,소방,(주)지오방재,장영철,,익산소방서 함라지역대,1.3,2,063-856-3119
207,전북,장수,장수향교 대성전,소방,(주)삼성방재,김광빈,,장수소방서(장수119안전센터),1.5,3,063-351-9119
208,전북,전주,전주 풍남문,소방,(유)대한방재기술,김인호,,교동119센터,0.5,4,063-284-0119
209,전북,전주,전주 풍패지관,소방,(유)대한방재기술,김인호,,교동119센터,1,5,063-284-0119
210,전북,전주,전주 경기전 정전,소방,(유)대한방재기술,김인호,,교동119센터,0.5,5,063-284-0119
211,전북,전주,전주 조경묘 정묘,소방,(유)대한방재기술,김인호,,교동119센터,0.5,5,063-284-0119
212,전북,전주,전주 경기전,소방,(유)대한방재기술,김인호,,교동119센터,0.5,4,063-284-0119
213,전북,전주,전주향교,소방,(유)대한방재기술,김인호,,교동119센터,1.2,6,063-284-0119
214,전북,정읍,정읍 피향정,소방,(유)일진소방,지경태,063-539-6932,정읍소방서 태인119지역대,1.2,3,063-570-1293
215,전북,정읍,정읍 무성서원,소방,(유)일진소방,지경태,,정읍소방서 칠보119안전센터,1.7,4,063-570-1276
216,전북,정읍,정읍 황토현 전적,소방,(유)일진소방,지경태,063-539-6921,정읍소방서 영원119안전센터,5.7,6,063-570-1275
217,전북,정읍,정읍 김명관 고택,소방,(유)일진소방,지경태,063-539-6932,정읍소방서 칠보119안전센터,5.4,6,063-570-1276
218,전북,진안,진안 수선루,소방,(유)전국소방안전,이지현,,진안소방서(마령119안전센터),3.6,7,063-350-5283
219,전남,강진,강진 무위사 극락보전,소방,㈜덕양,이연정,061-432-4974,성전119지역대,6,10,061-430-0974
220,전남,강진,강진 해남윤씨 추원당,소방,㈜덕양,이연정,,도암119지역대,3.5,10,061-430-0972
221,전남,강진,강진 해남윤씨 영모당,소방,㈜덕양,이연정,,도암119지역대,3.5,10,061-430-0972
222,전남,강진,강진 백련사 대웅보전,,,,,,,,
223,전남,강진,강진 정약용 유적,소방,㈜덕양,이연정,061-430-3363,도암119지역대,3.5,10,061-430-0972
224,전남,강진,강진 영랑 생가,소방,㈜덕양,이연정,061-430-3363,강진소방서,1.5,5,061-430-0900
225,전남,고흥,고흥 능가사 대웅전,소방,㈜삼성소방공사,장수환,061-832-8090,고흥소방서,21,25,061-840-0900
226,전남,고흥,고흥 여산송씨 쌍충 정려각,,,,,고흥소방서,33,30,061-840-0900
227,전남,곡성,곡성 제호정 고택,,,,,옥과119안전센터,11,16,061-380-0931
228,전남,구례,구례 화엄사 각황전,소방,세기방재㈜,정찬명,061-783-7600,순천소방서(구례119안전센터),7.5,11,061-750-0946
229,전남,구례,구례 화엄사 대웅전,소방,세기방재㈜,정찬명,061-783-7600,순천소방서(구례119안전센터),7.5,11,061-750-0946
230,전남,구례,구례 천은사 극락보전,소방,세기방재㈜,정찬명,061-780-4800,순천소방서(구례119안전센터),10.4,14,061-750-0946
231,전남,구례,구례 천은사 일주문,소방,세기방재㈜,정찬명,061-780-4800,순천소방서(구례119안전센터),10.4,14,061-750-0946
232,전남,구례,구례 석주관 칠의사묘,소방,세기방재㈜,정찬명,,순천소방서(구례119안전센터),11,13,061-750-0946
233,전남,구례,구례 화엄사,소방,세기방재㈜,정찬명,061-783-7600,순천소방서(구례119안전센터),7.5,11,061-750-0946
234,전남,구례,구례 운조루 고택,소방,세기방재㈜,정찬명,,순천소방서(구례119안전센터),5.5,7,061-750-0946
235,전남,나주,나주향교 대성전,소방,㈜대진이앤씨,정두호,061-332-2369,나주소방서,1.7,7,061-330-0900
236,전남,나주,나주 불회사 대웅전,소방,㈜전남소방,장준호,061-337-3440,남평119센터,19,15,061-330-0931
237,전남,나주,나주 금성관,소방,㈜대진이앤씨,정두호,061-339-8613,나주소방서,1.5,5,061-330-0900
238,전남,나주,나주읍성,소방,㈜전남소방,장준호,061-339-8613,나주소방서,1.7,7,061-330-0900
239,전남,나주,나주목 관아와 향교,소방,㈜대진이앤씨,정두호,061-339-8613,나주소방서,1.7,7,061-330-0900
240,전남,나주,나주 계은고택,소방,㈜전남소방,장준호,,남평119센터,19,15,061-330-0931
241,전남,나주,나주 우남고택,소방,㈜전남소방,장준호,,남평119센터,19,15,061-330-0931
242,전남,나주,나주 남파고택,소방,㈜대진이앤씨,정두호,,나주소방서,1.7,7,061-330-0900
243,전남,담양,담양 창평향교 대성전,,,,,담양소방서 고서119안전센터,2.5,5,061-380-0935
244,전남,담양,담양 창평향교 명륜당,,,,,담양소방서 고서119안전센터,2.5,5,061-380-0935
245,전남,담양,담양 금성산성,,,,,담양소방서 담양안전센터,12,15,061-380-0891
246,전남,무안,무안 유교리 고택,,,,061-244-1226,일로 119안전센터,10,10,061-450-0926
247,전남,보성,보성 율어리 고택,소방,나래이엔씨,송현달,,보성소방서119안전센터,16.8,13,061-859-0822
248,전남,보성,보성 이정래 고택,소방,나래이엔씨,송현달,,보성소방서119안전센터,11.7,10,061-859-0822
249,전남,보성,보성 이승래 고택,소방,나래이엔씨,송현달,,보성소방서119안전센터,6.6,5,061-859-0822
250,전남,보성,보성 이진래 고택,소방,나래이엔씨,송현달,,보성소방서119안전센터,11,10,061-859-0822
251,전남,보성,보성 이준회 고택,소방,나래이엔씨,송현달,,보성소방서119안전센터,11,10,061-859-0822
252,전남,보성,보성 열화정,소방,나래이엔씨,송현달,,보성소방서119안전센터,11,10,061-859-0822
253,전남,보성,보성 이용우 고택,소방,나래이엔씨,송현달,,보성소방서119안전센터,6.6,5,061-859-0822
254,전남,순천,순천 송광사 국사전,소방,㈜한국소방안전,권명수,061-755-0107,순천소방서(주암119지역대),15,20,061-750-0973
255,전남,순천,순천 송광사 하사당,소방,㈜한국소방안전,권명수,061-755-0107,순천소방서(주암119지역대),15,20,061-750-0973
256,전남,순천,순천 송광사 약사전,소방,㈜한국소방안전,권명수,061-755-0107,순천소방서(주암119지역대),15,20,061-750-0973
257,전남,순천,순천 송광사 영산전,소방,㈜한국소방안전,권명수,061-755-0107,순천소방서(주암119지역대),15,20,061-750-0973
258,전남,순천,순천 정혜사 대웅전,소방,㈜한국소방안전,권명수,061-755-8484,순천소방서,15,25,061-750-0900
259,전남,순천,순천 선암사 대웅전,소방,㈜삼성소방공사,최형곤,061-754-5247,순천소방서(승주119지역대),8,13,061-750-0936
260,전남,순천,순천향교 대성전,,,,061-753-3479,순천소방서(저전119안전센터),1,3,061-750-0926
261,전남,순천,순천 낙안읍성,소방,㈜삼성소방공사,장수환,061-749-8831,순천소방서(낙안119지역대),0.5,1,061-754-6600
262,전남,순천,순천 송광사,소방,㈜한국소방안전,권명수,061-755-0107,순천소방서(주암119지역대),15,20,061-750-0973
263,전남,순천,순천 선암사,소방,㈜삼성소방공사,최형곤,061-754-5247,순천소방서(승주119지역대),8,13,061-750-0936
264,전남,순천,순천 선암사 일주문,소방,㈜삼성소방공사,최형곤,061-754-5247,순천소방서(승주119지역대),8,13,061-750-0936
265,전남,순천,순천 낙안읍성 이방댁,소방,㈜삼성소방공사,최형곤,,순천소방서(낙안119지역대),0.5,1,061-754-6600
266,전남,순천,순천 낙안읍성 들마루집,소방,㈜삼성소방공사,최형곤,061-754-6717,순천소방서(낙안119지역대),0.5,1,061-754-6600
267,전남,순천,순천 낙안읍성 뙤창집,소방,㈜삼성소방공사,최형곤,,순천소방서(낙안119지역대),0.5,1,061-754-6600
268,전남,순천,순천 낙안읍성 마루방집,소방,㈜삼성소방공사,최형곤,,순천소방서(낙안119지역대),0.5,1,061-754-6600
269,전남,순천,순천 낙안읍성 대나무 서까래집,소방,㈜삼성소방공사,최형곤,,순천소방서(낙안119지역대),0.5,1,061-754-6600
270,전남,순천,순천 낙안읍성 ㄱ자집,소방,㈜삼성소방공사,최형곤,061-749-8831,순천소방서(낙안119지역대),0.5,1,061-754-6600
271,전남,순천,순천 낙안읍성 주막집,소방,㈜삼성소방공사,최형곤,061-749-8831,순천소방서(낙안119지역대),0.5,1,061-754-6600
272,전남,순천,순천 낙안읍성 서문성벽집,소방,㈜삼성소방공사,최형곤,,순천소방서(낙안119지역대),0.5,1,061-754-6600
273,전남,순천,순천 낙안읍성 향리댁,소방,㈜삼성소방공사,최형곤,,순천소방서(낙안119지역대),0.5,1,061-754-6600
274,전남,신안,신안 김환기 고택,소방,(주)유일테크,김대희,061-240-8641,신안소방서(안좌지역대),0.7,3,061-241-0974
275,전남,여수,여수 진남관,소방,(유)대일소방이엔지,김국렬,061-659-2120,연등119안전센터,2.6,7,061-680-0927
276,전남,여수,여수 흥국사 대웅전,소방,(유)대일소방이엔지,김국렬,061-685-5633,평여119안전센터,4.2,6,061-680-0942
277,전남,여수,여수 충민사,소방,(유)대일소방이엔지,김국렬,061-659-2120,여수소방서 소방정대,1.5,5,061-680-0932
278,전남,여수,여수 선소유적,소방,(유)대일소방이엔지,김국렬,061-659-2120,여수소방서 학동안전센터,1,3,061-680-0892
279,전남,여수,여수 금오산 향일암 일원,,,,,,,,
280,전남,영광,영광 불갑사 대웅전,소방,대진이앤씨㈜,정두호,061-352-8097,영광소방서,10.4,16,061-350-0900
281,전남,영광,영광 매간당 고택,소방,대진이앤씨㈜,정두호,,영광소방서,6.9,10,061-350-0900
282,전남,영암,영암 도갑사 해탈문,소방,대진이앤씨,정두호,061-473-5122,군서지역대,3,3,061-460-0976
283,전남,영암,영암 영보정,,,,,영암119안전센터,8.5,6,061-490-0927
284,전남,영암,영암 삼성당 고택,소방,대진이앤씨,정두호,,영암119안전센터,7.7,5,061-490-0927
285,전남,완도,완도 묘당도 이충무공 유적,소방,㈜제일소방이엔지,문석우,,완도소방서 고금119안전센터,3.7,5,061-470-0926
286,전남,완도,완도 청해진 유적,소방,자체,우용석,061-550-5003,완도소방서,3.8,6,061-470-0891
287,전남,장성,장성 필암서원,소방,㈜한국소방119,장정민,,장성소방서,6,9,061-360-0900
288,전남,장흥,장흥 존재고택,소방,㈜덕양,이경석,,장흥소방서,23,25,061-850-0900
289,전남,장흥,장흥 신와고택,소방,㈜덕양,이경석,,장흥소방서,23,25,061-850-0900
290,전남,장흥,장흥 오헌고택,소방,㈜덕양,이경석,,장흥소방서,23,25,061-850-0900
291,전남,해남,해남 미황사 대웅전,소방,㈜제일소방이엔지,문석우,061-533-3521,해남소방서(송지119안전센터),7,15,061-530-0941
292,전남,해남,해남 미황사 응진당,소방,㈜제일소방이엔지,문석우,061-533-3521,해남소방서(송지119안전센터),7,15,061-530-0941
293,전남,해남,해남 대흥사 천불전,소방,㈜제일소방이엔지,문석우,061-534-5502,해남소방서(삼산119지역대),4.5,10,061-530-0970
294,전남,해남,해남윤씨 녹우당 일원,소방,㈜제일소방이엔지,문석우,,해남소방서,4.3,5,061-530-0900
295,전남,해남,해남 대흥사,소방,㈜제일소방이엔지,문석우,061-534-5502,해남소방서(삼산119지역대),4.5,10,061-530-0970
296,전남,해남,해남 윤철하 고택,소방,㈜제일소방이엔지,문석우,,해남소방서(삼산119지역대),21.6,23,061-530-0900
297,전남,해남,해남 공재고택,소방,㈜제일소방이엔지,문석우,,해남소방서,29.4,36,061-530-0900
298,전남,화순,화순 운주사지,"소방,전기",㈜태운전력산업,양동선,061-374-0548,화순소방서(도암119지역대),4.6,10,061-379-0980
299,전남,화순,화순 쌍산 항일의병 유적,"소방,전기",㈜태운전력산업,양동선,061-379-3179,화순소방서(호남119특수구조대),10,17,061-370-6700
300,전남,화순,화순 양참사댁,"소방,전기",㈜태운전력산업,양동선,,화순소방서(능주119안전센터),5.1,10,061-372-0119
301,전남,화순,화순 학재고택,"소방,전기",㈜태운전력산업,양동선,,화순소방서(능주119안전센터),5.1,10,061-3725-0119
302,경북,경산,경산 환성사 대웅전,소방,우진방재,정연두,053-852-6561,경산소방서 하양119안전센터,7.5,25,053-812-5119
303,경북,경산,경산 상엿집과 관련 문서,소방,우진방재,정연두,053-853-4848,경산소방서 하양119안전센터,7.5,25,053-812-5119
304,경북,경주,경주 양동 무첨당,소방,㈜창대전기소방,안동현,,양동마을지역대,1,5,054-778-0697
305,경북,경주,경주 양동 향단,소방,㈜창대전기소방,안동현,,양동마을지역대,1,5,054-778-0697
306,경북,경주,경주 독락당,소방,㈜창대전기소방,안동현,,안강119안전센터,7,10,054-778-0561
307,경북,경주,경주 양동 관가정,소방,㈜창대전기소방,안동현,,양동마을지역대,1,5,054-778-0697
308,경북,경주,경주 기림사 대적광전,소방,㈜명진이앤씨,김규봉,,양북119지역대,7,10,054-778-0691
309,경북,경주,경주향교 대성전,소방,㈜명진이앤씨,김규봉,,경주소방서,3.2,5,054-778-0563
310,경북,경주,경주 불국사 대웅전,소방,㈜명진이앤씨,김규봉,054-746-9913,불국사119안전센터,1,3,054-778-0621
311,경북,경주,경주 귀래정,소방,㈜창대전기소방,안동현,,안강119안전센터,10,14,054-778-0561
312,경북,경주,경주향교 명륜당,소방,㈜명진이앤씨,김규봉,,경주소방서,3.2,5,054-778-0563
313,경북,경주,경주향교 동무서무신삼문,소방,㈜명진이앤씨,김규봉,,경주소방서,3.2,5,054-778-0563
314,경북,경주,경주 옥산서원 무변루,,,,,,,,
315,경북,경주,경주 무열왕릉,,,,054-779-6109,경주소방서,3.2,5,054-778-0563
316,경북,경주,경주읍성,,,,054-779-6109,동부119안전센터,0.5,5,054-778-0611
317,경북,경주,경주 서출지,,,,,경주소방서,3.2,5,054-778-0563
318,경북,경주,경주 옥산서원,소방,㈜창대전기소방,안동현,,안강119안전센터,10,14,054-778-0561
319,경북,경주,경주 문무대왕릉,,,,,양북119지역대,8,11,054-778-0691
320,경북,경주,경주 이견대,소방,㈜명진이앤씨,김규봉,,양북119지역대,7,10,054-778-0691
321,경북,경주,경주 오릉,,,,,경주소방서,3.2,5,054-778-0563
322,경북,경주,경주 미추왕릉,,,,,경주소방서,3.2,5,054-778-0563
323,경북,경주,경주 춘양교지와 월정교지,,,,,경주소방서,3.2,5,054-778-0563
324,경북,경주,경주 불국사,소방,㈜명진이앤씨,김규봉,054-746-9912,불국사119안전센터,1,3,054-778-0621
325,경북,경주,경주 금강산 표암봉 일원,,,,,,,,
326,경북,경주,경주 양동마을 송첨종택,소방,㈜창대전기소방,안동현,,양동마을지역대,1,5,054-778-0697
327,경북,경주,경주 최부자댁,소방,㈜명진이앤씨,김규봉,,경주소방서,3.2,5,054-778-0563
328,경북,경주,경주 월암종택,소방,㈜명진이앤씨,김규봉,,경주소방서,3.2,5,054-778-0563
329,경북,경주,경주 양동마을 낙선당 고택,소방,㈜창대전기소방,안동현,,양동마을지역대,1,5,054-778-0697
330,경북,경주,경주 양동마을 사호당 고택,소방,㈜창대전기소방,안동현,,양동마을지역대,1,5,054-778-0697
331,경북,경주,경주 양동마을 상춘헌 고택,소방,㈜창대전기소방,안동현,,양동마을지역대,1,5,054-778-0697
332,경북,경주,경주 양동마을 근암고택,소방,㈜창대전기소방,안동현,,양동마을지역대,1,5,054-778-0697
333,경북,경주,경주 양동마을 두곡고택,소방,㈜창대전기소방,안동현,,양동마을지역대,1,5,054-778-0697
334,경북,경주,경주 양동마을 수졸당 고택,소방,㈜창대전기소방,안동현,,양동마을지역대,1,5,054-778-0697
335,경북,경주,경주 양동마을 이향정 고택,소방,㈜창대전기소방,안동현,,양동마을지역대,1,5,054-778-0697
336,경북,경주,경주 양동마을 수운정,소방,㈜창대전기소방,안동현,,양동마을지역대,1,5,054-778-0697
337,경북,경주,경주 양동마을 심수정,소방,㈜창대전기소방,안동현,,양동마을지역대,1,5,054-778-0697
338,경북,경주,경주 양동마을 안락정,소방,㈜창대전기소방,안동현,,양동마을지역대,1,5,054-778-0697
339,경북,경주,경주 양동마을 강학당,소방,㈜창대전기소방,안동현,,양동마을지역대,1,5,054-778-0697
340,경북,경주,경주 양동마을,소방,㈜창대전기소방,안동현,,양동마을지역대,1,5,054-778-0697
341,경북,구미,구미 대둔사 대웅전,소방,수림소방㈜,이철근,054-482-3807,구미소방서 선산119안전센터,12,15,054-482-0119
342,경북,구미,구미 금오서원 정학당,,,,,구미소방서 선산119안전센터,3,5,054-482-0119
343,경북,구미,구미 금오서원 상현묘,,,,,구미소방서 선산119안전센터,3,5,054-482-0119
344,경북,구미,구미 쌍암고택,소방,수림소방㈜,이철근,,구미소방서 해평119안전센터,1,4,054-474-4119
345,경북,김천,김천 직지사 대웅전,소방,성남이엔지,박정욱,054-429-1701,김천다수119안전센터,7.6,11,054-430-0119
346,경북,김천,김천 방초정,소방,성남이엔지,박정욱,054-435-1938,지례119안전센터,4.8,6,054-435-1119
347,경북,문경,문경 봉암사 극락전,소방,안국방재 문경지점,서구식,,문경소방서 가은119안전센터,10,15,054-571-5119
348,경북,문경,문경 봉암사 봉황문,소방,안국방재 문경지점,서구식,,문경소방서 가은119안전센터,10,15,054-571-5119
349,경북,봉화,봉화 한수정,소방,디엔알,임종근,,춘양 119안전센터,2,4,054-630-0431
350,경북,봉화,봉화 청암정,,,,,봉화 119안전센터,4.4,9,054-672-1119
351,경북,봉화,봉화 만회고택,소방,디엔알,임종근,054-673-7939,봉화 119안전센터,3.3,7,054-672-1119
352,경북,봉화,봉화 쌍벽당 종택,소방,디엔알,임종근,054-673-3030,봉화 119안전센터,4.6,8,054-672-1119
353,경북,봉화,봉화 계서당 종택,소방,디엔알,임종근,054-673-8670,봉화 119안전센터,9.8,17,054-672-1119
354,경북,봉화,봉화 설매리 3겹 까치구멍집,소방,디엔알,임종근,054-672-6333,봉화 119안전센터,14.5,24,054-672-1119
355,경북,봉화,봉화 송석헌 고택,소방,디엔알,임종근,054-672-0034,봉화 119안전센터,5.2,9,054-672-1119
356,경북,봉화,봉화 만산고택,소방,디엔알,임종근,054-672-3206,춘양 119안전센터,2.5,5,054-630-0431
357,경북,봉화,봉화 선성김씨 빈동재사,소방,디엔알,임종근,,봉화 119안전센터,10.8,22,054-672-1119
358,경북,봉화,봉화 서설당 고택,소방,디엔알,임종근,054-673-2425,봉화 119안전센터,5.1,11,054-672-1119
359,경북,봉화,봉화 오고당 고택,,,,054-672-9084,봉화 119안전센터,12.3,19,054-672-1119
360,경북,상주,상주 양진당,소방,㈜수성방재,배기룡,,낙동119지역대,2.8,5,054-532-0119
361,경북,상주,상주향교 대성전동무서무,,,,054-855-8858,서성119안전센터,1.7,5,054-530-3804
362,경북,상주,상주 대산루,,,,,서성119안전센터,17.4,15,054-530-3804
363,경북,상주,상주 옥동서원,소방,㈜수성방재,배기룡,,모서119지역대화서119안전센터,21.4,10,054-532-2119
364,경북,상주,상주 우복 종택,소방,㈜수성방재,배기룡,,서성119안전센터,17.4,15,054-530-3804
365,경북,상주,상주 수암종택,,,,,서성119안전센터,20.8,29,054-530-3804
366,경북,성주,성주향교 대성전 및 명륜당,소방,㈜안국방재,이용식,,성주소방서,2,5,054-930-5561
367,경북,성주,성주 한개마을,소방,㈜안국방재,이용식,,성주소방서,2,5,054-930-5561
368,경북,안동,안동 봉정사 극락전,소방,㈜한양기술단,최영준,054-853-4181,서후 119지역대,5.1,10,054-852-5119
369,경북,안동,안동 봉정사 대웅전,소방,㈜한양기술단,최영준,054-853-4181,서후 119지역대,5.1,10,054-852-5119
370,경북,안동,안동 임청각,소방,㈜한양기술단,최영준,,법흥 119안전센터,1.2,3,054-854-6119
371,경북,안동,안동 도산서원 전교당,소방,㈜한양기술단,최영준,,도산 119안전센터,4,6,054-856-7119
372,경북,안동,안동 도산서원 상덕사 및 삼문,소방,㈜한양기술단,최영준,,도산 119안전센터,4,6,054-856-7119
373,경북,안동,안동 개목사 원통전,소방,㈜한양기술단,최영준,054-841-6304,서후 119지역대,8,11,054-852-5119
374,경북,안동,안동 하회 양진당,소방,㈜한양기술단,최영준,,하회 119지역대,0.9,4,054-854-2119
375,경북,안동,안동 하회 충효당,소방,㈜한양기술단,최영준,,하회 119지역대,0.9,4,054-854-2119
376,경북,안동,안동 봉정사 화엄강당,소방,㈜한양기술단,최영준,054-853-4181,서후 119지역대,5.1,10,054-852-5119
377,경북,안동,안동 봉정사 고금당,소방,㈜한양기술단,최영준,054-853-4181,서후 119지역대,5.1,10,054-852-5119
378,경북,안동,안동 의성김씨 종택,소방,㈜한양기술단,최영준,,용상 119안전센터,9.8,12,054-821-1119
379,경북,안동,안동 소호헌,소방,㈜한양기술단,최영준,,일직 119지역대,1.5,5,054-859-7119
380,경북,안동,안동 예안이씨 충효당,소방,㈜한양기술단,최영준,054-858-4768,풍산119안전센터,0.9,2,054-858-4119
381,경북,안동,안동 청원루,소방,㈜한양기술단,최영준,,풍산119안전센터,3.9,6,054-858-4119
382,경북,안동,안동 체화정,소방,㈜한양기술단,최영준,,풍산119안전센터,0.9,1,054-858-4119
383,경북,안동,안동 봉황사 대웅전,소방,㈜한양기술단,최영준,054-822-2562,용상 119안전센터,18.5,22,054-821-1119
384,경북,안동,안동 병산서원 만대루,소방,㈜한양기술단,최영준,,풍산 119안전센터,9.6,17,054-858-4119
385,경북,안동,안동 도산서원 도산서당,소방,㈜한양기술단,최영준,,도산 119안전센터,4,6,054-856-7119
386,경북,안동,안동 도산서원 농운정사,소방,㈜한양기술단,최영준,,도산 119안전센터,4,6,054-856-7119
387,경북,안동,안동 도산서원,소방,㈜한양기술단,최영준,,도산 119안전센터,4,6,054-856-7119
388,경북,안동,안동 병산서원,소방,㈜한양기술단,최영준,,풍산 119안전센터,9.6,17,054-858-4119
389,경북,안동,안동 하회마을 화경당 고택,,,,,하회119 지역대,0.7,2,054-854-2119
390,경북,안동,안동 하회마을 원지정사,소방,㈜한양기술단,최영준,,하회119 지역대,0.8,2,054-854-2119
391,경북,안동,안동 하회마을 빈연정사,소방,㈜한양기술단,최영준,,하회119 지역대,1.1,4,054-854-2119
392,경북,안동,안동 하회마을 작천고택,소방,㈜한양기술단,최영준,,하회119 지역대,1.2,5,054-854-2119
393,경북,안동,안동 하회마을 옥연정사,소방,㈜한양기술단,최영준,,하회119 지역대,6.8,11,054-854-2119
394,경북,안동,안동 하회마을 겸암정사,소방,㈜한양기술단,최영준,,하회119 지역대,7.2,11,054-854-2119
395,경북,안동,안동 하회마을 염행당 고택,소방,㈜한양기술단,최영준,,하회119 지역대,1,2,054-854-2119
396,경북,안동,안동 하회마을 양오당 고택,,,,,하회119 지역대,1.1,3,054-854-2119
397,경북,안동,안동 하회마을,,,,,하회119 지역대,0,0,054-854-2119
398,경북,안동,안동 수곡고택,소방,㈜한양기술단,최영준,,풍산119안전센터,6.6,9,054-858-4119
399,경북,안동,안동 하회마을 하동고택,소방,㈜한양기술단,최영준,054-853-2212,하회119 지역대,0.6,1,054-854-2119
400,경북,안동,안동 일성당 고택,소방,㈜한양기술단,최영준,,풍산119안전센터,0.7,1,054-858-4119
401,경북,안동,안동 학암고택,소방,㈜한양기술단,최영준,,풍산119안전센터,7.7,11,054-858-4119
402,경북,안동,안동 예안이씨 근재재사,소방,㈜한양기술단,최영준,,풍산119안전센터,6.3,11,054-858-4119
403,경북,안동,안동 도암종택,소방,㈜한양기술단,최영준,,풍산119안전센터,9.5,9,054-858-4119
404,경북,안동,안동 의성김씨 서지재사,소방,㈜한양기술단,최영준,,도산 119안전센터,17,18,054-856-7119
405,경북,안동,안동 안동권씨 능동재사,소방,㈜한양기술단,최영준,,서후 119지역대,1.9,3,054-852-5119
406,경북,안동,안동 오류헌 고택,소방,㈜한양기술단,최영준,054-822-2704,용상 119안전센터,12.1,15,054-821-1119
407,경북,안동,안동 고성이씨 탑동파 종택,소방,㈜한양기술단,최영준,054-859-1149,법흥 119안전센터,1.1,1,054-854-6119
408,경북,안동,안동 권성백 고택,소방,㈜한양기술단,최영준,,풍산119안전센터,6.7,9,054-858-4119
409,경북,안동,안동 송소종택,소방,㈜한양기술단,최영준,,도산 119안전센터,16,19,054-856-7119
410,경북,안동,안동 안동권씨 소등재사,소방,㈜한양기술단,최영준,,도산 119안전센터,15,16,054-856-7119
411,경북,안동,안동 탁청정,소방,㈜한양기술단,최영준,,도산 119안전센터,5.5,6,054-856-7119
412,경북,안동,안동 후조당 종택,소방,㈜한양기술단,최영준,,도산 119안전센터,5.5,6,054-856-7119
413,경북,안동,안동 귀봉종택,소방,㈜한양기술단,최영준,,용상 119안전센터,10,12,054-821-1119
414,경북,안동,안동 번남고택,소방,㈜한양기술단,최영준,,도산 119안전센터,30,36,054-856-7119
415,경북,안동,안동 광산김씨 탁청정공파 종택,소방,㈜한양기술단,최영준,,도산 119안전센터,5.5,6,054-856-7119
416,경북,안동,안동 향산고택,소방,㈜한양기술단,최영준,,법흥 119안전센터,4.1,9,054-854-6119
417,경북,안동,안동 허백당 종택,소방,㈜한양기술단,최영준,,풍산119안전센터,7.7,11,054-858-4119
418,경북,안동,안동 시은고택,,,,,풍산119안전센터,0.6,1,054-858-4119
419,경북,안동,안동 풍산류씨 금계재사,소방,㈜한양기술단,최영준,,서후 119지역대,2.1,4,054-852-5119
420,경북,안동,안동 진성이씨 종택,소방,㈜한양기술단,최영준,,도산 119안전센터,13,15,054-856-7119
421,경북,안동,안동 진성이씨 온혜파 종택,소방,㈜한양기술단,최영준,,도산 119안전센터,5,7,054-856-7119
422,경북,안동,안동 영양남씨 남흥재사,,,,,도산 119안전센터,16.7,20,054-856-7119
423,경북,영덕,영덕 충효당 종택,"소방,방범",금강방재,김천수,,영덕소방서 영해119안전센터,3,4,054-732-0119
424,경북,영덕,영덕 안동권씨 옥천재사,"소방,방범",금강방재,김천수,,영덕소방서 영해119안전센터,15,15,054-732-0119
425,경북,영덕,영덕 난고종택,"소방,방범",금강방재,김천수,,영덕소방서 영해119안전센터,2,3,054-732-0119
426,경북,영덕,영덕 무안박씨 무의공파 종택,"소방,방범",금강방재,김천수,,영덕소방서 영해119안전센터,5,5,054-732-0119
427,경북,영덕,영덕 괴시마을,"소방,방범",금강방재,김천수,,영덕소방서 영해119안전센터,2,3,054-732-0119
428,경북,영덕,영덕 무안박씨 희암재사,"소방,방범",금강방재,김천수,,영덕소방서 영해119안전센터,15,30,054-732-0119
429,경북,영양,영양 서석지,소방,신우엔지니어링,염대규,,안동소방서 입암119안전센터,2.6,4,054-680-4119
430,경북,영양,영양 한양조씨 사월종택,소방,신우엔지니어링,염대규,,안동소방서 영양119안전센터,3,8,043-680-3119
431,경북,영주,영주 부석사 무량수전,소방,(주)온누리소방,이준교,054-633-3464,영주소방서(부석119지역대),5.5,9,054-631-1198
432,경북,영주,영주 부석사 조사당,소방,(주)온누리소방,이준교,054-633-3464,영주소방서(부석119지역대),5.5,9,054-631-1198
433,경북,영주,영주 성혈사 나한전,소방,(주)온누리소방,이준교,054-633-2582,영주소방서(순흥119지역대),7.9,14,054-634-6119
434,경북,영주,영주 소수서원 문성공묘,소방,(주)온누리소방,이준교,054-639-7691,영주소방서(순흥119지역대),2,5,054-634-6119
435,경북,영주,영주 소수서원 강학당,소방,(주)온누리소방,이준교,054-639-7691,영주소방서(순흥119지역대),2,5,054-634-1198
436,경북,영주,영주 부석사 안양루,소방,(주)온누리소방,이준교,054-633-3464,영주소방서(부석119지역대),5.5,9,054-631-1198
437,경북,영주,영주 부석사 범종각,소방,(주)온누리소방,이준교,054-633-3464,영주소방서(부석119지역대),5.5,9,054-631-1198
438,경북,영주,영주 소수서원,소방,(주)온누리소방,이준교,054-639-7691,영주소방서(순흥119지역대),2,5,054-634-1198
439,경북,영주,영주 무섬마을,소방,(주)온누리소방,이준교,054-634-0040,영주소방서(문수119안전센터),8,10,054-634-1192
440,경북,영천,영천 거조사 영산전,소방,대경방재,이원근,054-335-1369,신녕119안전센터,5.8,11,054-332-9119
441,경북,영천,영천 숭렬당,소방,대경방재,이원근,,영천소방서,3,7,054-336-8000
442,경북,영천,영천향교 대성전,소방,대경방재,이원근,054-334-5623,영천소방서,3.2,8,054-336-8000
443,경북,영천,영천 은해사 백흥암 극락전,소방,대경방재,이원근,054-335-2988,신녕119안전센터,12.7,25,054-332-9119
444,경북,영천,영천 매산고택과 산수정,소방,대경방재,이원근,,영천소방서,13.7,26,054-336-8000
445,경북,영천,영천 연정고택,소방,대경방재,이원근,,영천소방서,9.4,16,054-336-8000
446,경북,영천,영천 만취당 고택,소방,대경방재,이원근,,금호119안전센터,1.3,3,054-334-0119
447,경북,예천,예천 용문사 대장전과 윤장대,소방,㈜디앤알,임종근,054-655-1011,용문119지역대,8,10,054-650-3414
448,경북,예천,예천권씨 초간종택 별당,소방,㈜디앤알,임종근,054-655-9225,용문119지역대,1.5,3,054-650-3414
449,경북,예천,예천 야옹정,소방,㈜디앤알,임종근,,용문119지역대,3.8,6,054-650-3414
450,경북,예천,예천 물체당 고택,소방,㈜디앤알,임종근,054-653-4682,예천소방서,10,12,054-650-3414
451,경북,예천,예천 예천권씨 초간공파 종택,소방,㈜디앤알,임종근,054-655-9225,용문119지역대,1.5,3,054-650-3414
452,경북,예천,예천 남악종택,소방,㈜디앤알,임종근,,용문119지역대,2.7,5,054-650-3414
453,경북,예천,예천 함양박씨 희이재사,소방,㈜디앤알,임종근,054-655-9227,용문119지역대,4.2,7,054-650-3414
454,경북,울릉,울릉 나리 너와 투막집과 억새 투막집,소방,명진이엔씨,김규봉,054-790-2191,"울릉119안전센터, 북면119지역대",3.4,13,054-791-2119
455,경북,울릉,울릉 나리 억새 투막집,,,,054-790-2191,"울릉119안전센터, 북면119지역대",5.8,25,054-791-2119
456,경북,울진,울진 불영사 응진전,방범,㈜건아정보기술,장규동,054-783-5004,울진소방서,20,25,054-783-0119
457,경북,울진,울진 불영사 대웅보전,소방,금강방재㈜,김천수,054-783-5004,울진소방서,20,25,054-783-0119
458,경북,의성,의성 만취당,소방,㈜디엔알,임종근,,의성소방서 점곡119지역대,0.5,1,054-830-1860
459,경북,의성,의성 대곡사 대웅전,소방,㈜디엔알,임종근,054-862-4222,의성소방서 다인119지역대,7.4,15,054-861-5119
460,경북,의성,의성 고운사 연수전,소방,㈜디엔알,임종근,054-833-2324,의성소방서 점곡119지역대,10.8,18,054-830-7860
461,경북,의성,의성 대곡사 범종루,소방,㈜디엔알,임종근,054-862-4222,의성소방서 다인119지역대,7.4,15,054-861-5119
462,경북,의성,의성 소우당 고택,소방,㈜디엔알,임종근,,의성소방서 다인119지역대,7.4,15,054-861-5119
463,경북,청도,청도 대비사 대웅전,소방,㈜대경방재,이전호,054-372-3876,금천119안전센터,7.3,13,054-370-8321
464,경북,청도,청도 운문사 대웅보전,소방,㈜대경방재,이전호,054-372-8800,금천119안전센터,14.6,20,054-370-8321
465,경북,청도,청도 대적사 극락전,소방,㈜대경방재,이전호,054-373-1964,청도소방서 청도119안전센터,10.5,14,054-370-8301
466,경북,청도,청도 운강고택과 만화정,소방,㈜대경방재,이전호,,금천119안전센터,1.6,2,054-370-8321
467,경북,청도,청도 운림고택,소방,㈜대경방재,이전호,,금천119안전센터,5,8,054-370-8321
468,경북,청송,청송 대전사 보광전,소방,㈜디엔알,임종근,054-873-2908,청송소방(주왕산119지역대),9,15,054-874-6119
469,경북,청송,청송 보광사 극락전,소방,㈜디엔알,임종근,054-872-4183,청송소방(청송119안전센터),3.4,6,054-873-1119
470,경북,청송,청송 찬경루,소방,㈜디엔알,임종근,02-2267-7857,청송소방(청송119안전센터),1.6,3,054-873-1119
471,경북,청송,청송 성천댁,소방,㈜디엔알,임종근,,청송소방(청송119안전센터),3.8,6,054-873-1119
472,경북,청송,청송 후송당 고택,소방,㈜디엔알,임종근,,청송소방(안덕119지역대),6.6,8,054-872-0119
473,경북,청송,청송 송소 고택,소방,㈜디엔알,임종근,054-874-6556,청송소방(청송119안전센터),4.7,8,054-873-1119
474,경북,청송,평산신씨 판사공파 종택,소방,㈜디엔알,임종근,02-776-6111,청송소방(청송119안전센터),6.2,9,054-873-1119
475,경북,청송,서벽고택,소방,㈜디엔알,임종근,,청송소방(청송119안전센터),6.2,9,054-873-1119
476,경북,청송,사남고택,소방,㈜디엔알,임종근,,청송소방(청송119안전센터),6.2,9,054-873-1119
477,경북,칠곡,칠곡 송림사 대웅전,방범,한국아이티에스,박재영,054-976-8116,동명 119 안전센터,1,2,054-970-2851
478,경북,포항,포항 보경사 적광전,소방,모든소방㈜,박성무,054-262-1117,흥해119소방센터,16,16,054-260-2119
479,경북,포항,포항 상달암,소방,부림방재,이광철,,연일119소방센터,16,19,054-288-0991
480,경북,포항,포항 장기읍성,,,,054-270-2272,장기119지역대,1,1,054-276-0119
481,경남,거제,거제 기성관,소방,거성소방,윤두호,055-639-3403,거제119안전센터,1,3,055-689-9400
482,경남,거제,거제현 관아,소방,거성소방,윤두호,055-639-3403,거제119안전센터,1,3,055-689-9400
483,경남,거창,거창 동계종택,소방,국제,우용택,,위천119,1,5,055-940-9374
484,경남,고성,고성 옥천사 자방루,,,,,회화119안전센터,15,16,055-670-9320
485,경남,김해,김해 봉황동 유적,소방,나라세이프㈜,최희정,055-330-3933,김해중부소방서(동상119안전센터),1,2,055-332-4119
486,경남,김해,김해 수로왕릉,소방,나라세이프㈜,최희정,055-330-3933,김해중부소방서(동상119안전센터),1,2,055-332-4119
487,경남,김해,김해 수로왕비릉,소방,나라세이프㈜,최희정,055-330-3933,김해중부소방서(동상119안전센터),1,2,055-332-4119
488,경남,남해,남해 용문사 대웅전,소방,㈜진일소방이엔지,김민환,,남해소방서,13,17,055-860-9236
489,경남,남해,남해 관음포 이충무공 유적,소방,㈜진일소방이엔지,김민환,,남해소방서,14,18,055-860-9236
490,경남,남해,남해 충렬사,소방,㈜진일소방이엔지,김민환,,남해소방서,16,20,055-860-9236
491,경남,밀양,밀양 영남루,소방,㈜다호소방,노성훈,055-359-5638,밀양소방서,2,4,055-350-9282
492,경남,밀양,밀양향교 대성전,소방,㈜다호소방,노성훈,055-354-5872,밀양소방서,1,3,055-350-9282
493,경남,밀양,밀양향교 명륜당,소방,㈜다호소방,노성훈,055-354-5872,밀양소방서,1,3,055-350-9282
494,경남,산청,산청 율곡사 대웅전,방범,거광이엔티,정길영,055-973-6011,산청소방서신등119지역대,7,15,055-970-9333
495,경남,산청,산청 단성향교 명륜당,,,,,산청소방서단성119안전센터,1.3,5,055-973-9320
496,경남,산청,산청 목면시배 유지,방범,㈜ADT캡스,박진효,055-970-6412,산청소방서단성119안전센터,1,2,055-973-9320
497,경남,산청,산청 조식 유적,방범,가드뱅크,이응규,055-970-6412,산청소방서 산악구조대,1.7,4,055-973-9300
498,경남,양산,양산 통도사 대웅전 및 금강계단,소방,주식회사 에프이피,이정호,055-382-7182,하북119안전센터,5.7,12,055-379-9390
499,경남,양산,양산 신흥사 대광전,소방,주식회사 에프이피,이정호,055-384-0108,원동119지역대,7.5,10,055-379-9341
500,경남,양산,양산 통도사 영산전,소방,주식회사 에프이피,이정호,055-382-7182,하북119안전센터,5.7,12,055-379-9390
501,경남,양산,양산 통도사 대광명전,소방,주식회사 에프이피,이정호,055-382-7182,하북119안전센터,5.7,12,055-379-9390
502,경남,진주,진주성,,,,055-749-5171,중앙119안전센터,0.6,1,055-760-9370
503,경남,창녕,창녕 관룡사 약사전,소방,중앙방재㈜,서상훈,055-521-1747,창녕119안전센터,16,17,055-259-9361
504,경남,창녕,창녕 관룡사 대웅전,소방,중앙방재㈜,서상훈,055-521-1747,창녕119안전센터,16,17,055-259-9361
505,경남,창녕,창녕 진양하씨 고택,소방,중앙방재㈜,서상훈,,창녕119안전센터,2,5,055-259-9361
506,경남,창원,창원 진해우체국,,,,044-200-8158,창원소방본부,6.9,16,055-548-9213
507,경남,통영,통영 세병관,소방,대우소방공사,공송식,055-650-4541,통영소방서 서호119안전센터,2,5,055-640-9370
508,경남,통영,통영 한산도 이충무공 유적,소방,대우소방공사,양희범,055-254-4480,통영소방서(소방정대),7,30,055-644-0119
509,경남,통영,통영 충렬사,소방,대우소방공사,공송식,055-645-3229,통영소방서 서호119안전센터,0.5,2,055-640-9370
510,경남,통영,통영 삼도수군통제영,소방,대우소방공사,공송식,055-650-4541,통영소방서 서호119안전센터,2,5,055-640-9370
511,경남,통영,삼덕리 마을제당,,,,,통영소방서 도남119안전센터,6,11,055-640-9382
512,경남,하동,하동 쌍계사 대웅전,소방,㈜아주소방엔지니어링,강현석,055-883-1901,하동소방서 화계119지역대,5,10,055-880-9281
513,경남,함안,함안 무기연당,소방,㈜강오소방엔지니어링,배인하,,함안소방서 칠원119안전센터,3.1,6,055-580-9330
514,경남,함양,함양 남계서원,소방,덕유소방엔지니어링,백경진,055-962-1438,함양소방서,9.5,14,055-960-9211
515,경남,함양,함양 일두고택,소방,덕유소방엔지니어링,백경진,055-962-7077,함양소방서,8.4,11,055-960-9211
516,경남,함양,함양 허삼둘 고택,소방,덕유소방엔지니어링,백경진,055-960-4540,안의119안전센터,0.2,1,055-962-0119
517,경남,합천,합천 해인사 장경판전,소방,㈜수성방재,배성근,055-934-3000,합천소방서 해인사지역대,2.5,14,055-930-9281
518,경남,합천,합천 해인사 홍제암,소방,㈜수성방재,배성근,055-934-3000,합천소방서 해인사지역대,2.5,14,055-930-9281
519,경남,합천,합천 해인사,소방,㈜수성방재,배성근,055-934-3000,합천소방서 해인사지역대,2.5,14,055-930-9281
520,경남,합천,합천 묵와고택,소방,㈜수성방재,배성근,,합천 북부 119,11,15,055-930-9350
521,제주,제주,제주 관덕정,소방,㈜우리방재,이창현,,삼도119센터,0.8,2,064-756-4258
522,제주,제주,제주향교 대성전,소방,㈜세명방재,고영준,064-757-0976,삼도119센터,1,3,064-756-4258
523,제주,제주,제주목 관아,소방,㈜우리방재,이창현,,삼도119센터,0.8,2,064-756-4258
524,제주,제주,제주 성읍마을 객주집,소방,대경엔지니어링,안태환,,표선119센터,5,10,064-787-8119
525,제주,제주,제주 성읍마을 고평오 고택,소방,대경엔지니어링,안태환,,표선119센터,5,10,064-787-8119
526,제주,제주,제주 성읍마을 고창환 고택,소방,대경엔지니어링,안태환,,표선119센터,5,10,064-787-8119
527,제주,제주,제주 성읍마을 한봉일 고택,소방,대경엔지니어링,안태환,,표선119센터,5,10,064-787-8119
528,제주,제주,제주 성읍마을 대장간집,소방,대경엔지니어링,안태환,,표선119센터,5,10,064-787-8119
529,제주,제주,제주 성읍마을,소방,대경엔지니어링,안태환,,표선119센터,5,10,064-787-8119
